ddr19240209sl	ddr19240209sl
ddr19241030fan	ddr19241030fan
ddr19260202slb	ddr19260202slb
ddr19260407slb	ddr19260407slb
ddr192605lv	ddr19260500lv
ddr192606cm	ddr19260600cm
ddr19260710sl	ddr19260710sl
ddr19261113sl	ddr19261113sl
ddr19270216fan	ddr19270216fan
ddr192704werk	ddr19270400werk
ddr1927neuch	ddr19270000neuch
ddr19280324nsal	ddr19280324nsal
ddr192812ca	ddr19281200ca
ddr19290715qal	ddr19290715qal
ddr193004ca	ddr19300400ca
ddr19300501ajd	ddr19300501ajd
ddr193007rde	ddr19300700rde
ddr19320416jp	ddr19320416jp
ddr19320515plans	ddr19320515plans
ddr19320615plans	ddr19320615plans
ddr19330215eur	ddr19330215eur
ddr193305rsec	ddr19330500rsec
ddr193312rviv	ddr19331200rviv
ddr19331204mom	ddr19331204mom
ddr193401commune	ddr19340200commune
ddr1934sk	ddr19340000sk
ddr193406cs	ddr19340600cs
ddr193407christsoc	ddr19340800christsoc
ddr193411rxx	ddr19341100rxx
ddr193503herm	ddr19350300herm
ddr193504blon	ddr19350400blon
ddr193505commune	ddr19350500commune
ddr19350715blon	ddr19350715blon
ddr19351115ven	ddr19351115ven
ddr1936rph	ddr19370000rph
ddr193601herm	ddr19360100herm
ddr1936brea	ddr19360000brea
ddr193612cs	ddr19361200cs
ddr19370130flech	ddr19370130flech
ddr19370305anl	ddr19370305anl
ddr19370313anl	ddr19370313anl
ddr19370320anl	ddr19370320anl
ddr19370410anl	ddr19370410anl
ddr19370415mes	ddr19370415mes
ddr19370417anl	ddr19370417anl
ddr1937lsa	ddr19370000lsa
ddr193705cs	ddr19370600cs
ddr19370725rl	ddr19370725rl
ddr19370815journ	ddr19370815journ
ddr1937cc	ddr19370000cc
ddr1937lj	ddr19370000lj
ddr193712bsfp	ddr19371200bsfp
ddr19380115suir	ddr19380115suir
ddr19380220jj	ddr19380220jj
ddr193804ex	ddr19380400ex
ddr193806fcz	ddr19380600fcz
ddr193806nrh	ddr19380600nrh
ddr19380610combatrif	ddr19380610combatrif
ddr19381028flech	ddr19381028flech
ddr193811fcz	ddr19381100fcz
ddr19381120cce	ddr19381120cce
ddr1939ie	ddr19390000ie
ddr1939baaeun	ddr19390000baaeun
ddr19390111cand	ddr19390111cand
ddr19390224hebdtp	ddr19390224hebdtp
ddr193906volon	ddr19390600volon
ddr19390708patsui	ddr19390708patsui
ddr19390714trifr	ddr19390714trifr
ddr19391103radio	ddr19391103radio
ddr193912dac	ddr19391200dac
ddr1939sen	ddr19390000sen
ddr19391225fcoul	ddr19391225fcoul
ddr194001dac	ddr19400100dac
ddr19400120coop	ddr19400120coop
ddr19400224coop	ddr19400224coop
ddr19400302coop	ddr19400302coop
ddr19400309coop	ddr19400309coop
ddr19400316coop	ddr19400316coop
ddr194004dac	ddr19400400dac
ddr194004fcoul	ddr19400400fcoul
ddr194006nsr	ddr19400600nsr
ddr1940sonst	ddr19400800sonst
ddr194008shs	ddr19400800shs
ddr19400801semvd	ddr19400801semvd
ddr19400823curi	ddr19400823curi
ddr19400913ess	ddr19400913ess
ddr1940esr	ddr19400000esr
ddr1940nl	ddr19400000nl
ddr1941hgr	ddr19410000hgr
ddr19411001lf	ddr19411001lf
ddr19420304jse	ddr19420304jse
ddr194303vvv_p69	ddr19430300vvv_p0069
ddr194303vvv_p71	ddr19430300vvv_p0071
ddr194306font	ddr19430700font
ddr194309rpf	ddr19430900rpf
ddr1944ren	ddr19450000ren
ddr1944hems	ddr19440300hems
ddr194402font	ddr19440200font
ddr194410ml	ddr19441000ml
ddr194410arche	ddr19441100arche
ddr1945hems	ddr19450000hems
ddr1946fcoul	ddr19460000fcoul
ddr194601csa	ddr19460100csa
ddr19460330figlitt	ddr19460330figlitt
ddr19460330plv	ddr19460330plv
ddr19460420plv	ddr19460420plv
ddr19460427plv	ddr19460427plv
ddr19460504plv	ddr19460504plv
ddr19460516serv	ddr19460516serv
ddr19460516ill	ddr19460516ill
ddr19460530serv	ddr19460530serv
ddr19460604mondes	ddr19460604mondes
ddr194606font	ddr19460600font
ddr19460719hebtp	ddr19460719hebtp
ddr19460824figlitt	ddr19460824figlitt
ddr19460921figlitt	ddr19460921figlitt
ddr194608suic	ddr19460900suic
ddr194610font	ddr19461000font
ddr1946hrb	ddr19460000hrb
ddr19461219ill	ddr19461219ill
ddr1947tho	ddr19470000tho
ddr194711ao	ddr19471100ao
ddr1947eerig	ddr19470000eerig
ddr194701nef	ddr19470100nef
ddr194703font	ddr19470300font
ddr1947cff	ddr19470000cff
ddr1947ccs	ddr19470000ccs
ddr19470607sdm	ddr19470607sdm
ddr19470809pp	ddr19470809pp
ddr19470830trige	ddr19470831trige
ddr194710nef	ddr19471000nef
ddr19471108figlitt	ddr19471108figlitt
ddr19471220sdm	ddr19471220sdm
ddr194801paru	ddr19480100paru
ddr1948cpl	ddr19480100cpl
ddr19480109intrans	ddr19480109intrans
ddr1948prs	ddr19480000prs
ddr1948ds	ddr19480000ds
ddr194806fed	ddr19480600fed
ddr19481225rpf	ddr19481225rpf
ddr194902fed	ddr19490200fed
ddr1949cmn	ddr19490700cmn
ddr1949clib	ddr19490000clib
ddr19490701radio	ddr19490701radio
ddr19490707curi	ddr19490707curi
ddr1950cpl	ddr19500900cpl
ddr195001fed	ddr19500100fed
ddr195004les	ddr19500400les
ddr19500805franind	ddr19500805franind
ddr1950pue	ddr19500000pue
ddr195012bal	ddr19510100bal
ddr195103neur	ddr19510300neur
ddr195110cls	ddr19511000cls
ddr1952rs	ddr19520000rs
ddr195201tr	ddr19520100tr
ddr195203je	ddr19520300je
ddr195210fce	ddr19521000fce
ddr19521114suis	ddr19521114suis
ddr19521205qrp	ddr19521205qrp
ddr1953psde	ddr19530000psde
ddr1953rk	ddr19530000rk
ddr195301ar	ddr19530100ar
ddr195306pax	ddr19530600pax
ddr195306les	ddr19530700les
ddr19530620jeur	ddr19530620jeur
ddr19540601jeur	ddr19540601jeur
ddr19540812ill	ddr19540812ill
ddr195409fed	ddr19541000fed
ddr1955cap	ddr19550000cap
ddr1955gro	ddr19550000gro
ddr195501fe	ddr19550100fe
ddr1956pbi	ddr19560000pbi
ddr195601mf	ddr19560100mf
ddr195601tr	ddr19560100tr
ddr19560204ifep	ddr19560204ifep
ddr195608mdf	ddr19560800mdf
ddr195610fed	ddr19561000fed
ddr19561110figlitt	ddr19561110figlitt
ddr195701tr	ddr19570100tr
ddr195705tr_p10	ddr19570500tr_p0010
ddr195705tr_p31	ddr19570500tr_p0031
ddr195706real	ddr19570600real
ddr19570609tlaus	ddr19570609tlaus
ddr195710occ	ddr19571000occ
ddr1958desf	ddr19580000desf
ddr1958qeec	ddr19580000qeec
ddr195804real	ddr19580400real
ddr195906real	ddr19590600real
ddr1959efs	ddr19590000efs
ddr1960ssoc	ddr19600000ssoc
ddr196003tr	ddr19600300tr
ddr196003real	ddr19600300real
ddr196006cce	ddr19600600cce
ddr196006clc	ddr19600700clc
ddr196007fraca	ddr19600700fraca
ddr196008smh	ddr19600800smh
ddr196010cce	ddr19601000cce
ddr1961barllf	ddr19610000barllf
ddr1961csas	ddr19610900csas
ddr1961nme	ddr19610000nme
ddr196107cce	ddr19610700cce
ddr1962tlf	ddr19620000tlf
ddr1962tsvo	ddr19620000tsvo
ddr196204cce	ddr19620400cce
ddr19620623trige	ddr19620623trige
ddr19620625trige	ddr19620625trige
ddr19620626trige	ddr19620626trige
ddr196211prob	ddr19621100prob
ddr196211comeur	ddr19621200comeur
ddr1962jon	ddr19620000jon
ddr1963ansh	ddr19630000ansh
ddr196301assint	ddr19630100assint
ddr1963acr	ddr19630300acr
ddr196304ef	ddr19630400ef
ddr19630510futur	ddr19630510futur
ddr19631025elle	ddr19631025elle
ddr19631116impar	ddr19631116impar
ddr1963basge	ddr19630000basge
ddr1964ansh	ddr19640000ansh
ddr1964sp	ddr19640000sp
ddr1964avs	ddr19640000avs
ddr1964bv	ddr19640000bv
ddr196503btsr	ddr19650300btsr
ddr1966sm	ddr19660000sm
ddr1967jan	ddr19670000jan
ddr1967ec	ddr19670900ec
ddr1968ep	ddr19680000ep
ddr1968basge	ddr19680000basge
ddr196805ef	ddr19680500ef
ddr1969rasmp	ddr19690000rasmp
ddr1969re	ddr19690000re
ddr1969usd	ddr19690000usd
ddr1969ss	ddr19690000ss
ddr1969ecr	ddr19690000ecr
ddr1969aar	ddr19690000aar
ddr19690215pgx	ddr19690215pgx
ddr196904ef	ddr19690400ef
ddr19690414elle	ddr19690414elle
ddr19690927dev	ddr19690927dev
ddr19691004presse	ddr19691004presse
ddr1970livr	ddr19700000livr
ddr197003treje	ddr19700300treje
ddr19700319cons	ddr19700319cons
ddr19700324suis	ddr19700324suis
ddr19700330suis	ddr19700330suis
ddr197005fcz	ddr19700600fcz
ddr197005mc	ddr19700500mc
ddr197006treje	ddr19700600treje
ddr19701015fal	ddr19701015fal
ddr19701115tlaus	ddr19701115tlaus
ddr19701122tlaus	ddr19701122tlaus
ddr197012lo	ddr19701200lo
ddr1971beu	ddr19710000beu
ddr1971me	ddr19710000me
ddr1971hpm	ddr19710000hpm
ddr1971ahnf	ddr19710000ahnf
ddr1971epfl	ddr19720000epfl
ddr1971integ	ddr19710000integ
ddr19710204ill	ddr19710204ill
ddr197193treje	ddr19710300treje
ddr197103ef	ddr19710300ef
ddr19710412expr	ddr19710412expr
ddr197107treje	ddr19710800treje
ddr19710919tlaus	ddr19710919tlaus
ddr1972ml	ddr19720000ml
ddr1972fbs	ddr19720000fbs
ddr1972ea	ddr19720000ea
ddr197203ce	ddr19720300ce
ddr19720315spec	ddr19720315spec
ddr19720527vqh	ddr19720528vqh
ddr197206acr	ddr19720600acr
ddr1973ti	ddr19730000ti
ddr197301unif	ddr19730100unif
ddr197303bcs	ddr19730300bcs
ddr19730316mr	ddr19730316mr
ddr19730923suis	ddr19730923suis
ddr197307refo	ddr19730800refo
ddr19730701tlaus	ddr19730701tlaus
ddr197310mrs	ddr19731000mrs
ddr197311acr	ddr19731100acr
ddr19731201vqh	ddr19731201vqh
ddr1974am	ddr19740000am
ddr1974ld	ddr19740000ld
ddr1974tsn	ddr19740000tsn
ddr1974monac	ddr19740000monac
ddr197406seic	ddr19740600seic
ddr197402docens	ddr19740200docens
ddr19740907vqh	ddr19740908vqh
ddr1974adtrce	ddr19740000adtrce
ddr1974gcn	ddr19740000gcn
ddr1975suiss	ddr19750000suiss
ddr1975rps	ddr19750000rps
ddr1975cc	ddr19750000cc
ddr1975sv	ddr19750000sv
ddr1975up	ddr19750000up
ddr197506echi	ddr19750600echi
ddr19750701expr	ddr19750701expr
ddr197509mc	ddr19750900mc
ddr1976iuee	ddr19760000iuee
ddr1976epqj	ddr19760000epqj
ddr1976fm	ddr19760000fm
ddr197611acr	ddr19761100acr
ddr1977mhc	ddr19770000mhc
ddr1977hec_p254	ddr19770000hec_p0254
ddr1977fmmv	ddr19770000fmmv
ddr197705fd	ddr19770500fd
ddr19770627agefi	ddr19770627agefi
ddr19770927aurore	ddr19770927aurore
ddr1977pouv	ddr19770000pouv
ddr197710par	ddr19771000par
ddr19771003obs	ddr19771003obs
ddr19771010point	ddr19771010point
ddr19771011vqh	ddr19771011vqh
ddr19771017elle	ddr19771017elle
ddr19771018trige	ddr19771018trige
ddr197712fsvf	ddr19771200fsvf
ddr19771220frasoi	ddr19771220frasoi
ddr19771230aian	ddr19771230aian
ddr1978ep	ddr19780000ep
ddr1978jur	ddr19780000jur
ddr19780110sauv	ddr19780100sauv
ddr19780101suis	ddr19780101suis
ddr19780104cons	ddr19780104cons
ddr19780201mlitt	ddr19780201mlitt
ddr197802pa	ddr19780200pa
ddr197802hi	ddr19780300hi
ddr19780222lif	ddr19780222lif
ddr19780208fem	ddr19780208fem
ddr197805smh	ddr19780500smh
ddr19780514vn	ddr19780515vn
ddr19780726cons	ddr19780726cons
ddr197809cfed	ddr19780900cfed
ddr19780924rpm	ddr19780924rpm
ddr19781019vie	ddr19781025vie
ddr197811panda	ddr19781100panda
ddr197811dial	ddr19781100dial
ddr1979gtg	ddr19790000gtg
ddr1979ge_p3	ddr19790000ge_p0003
ddr1979ge_p7	ddr19790000ge_p0007
ddr1979wk	ddr19790000wk
ddr1979mfd	ddr19790000mfd
ddr197901treje	ddr19790100treje
ddr19790221ill	ddr19790221ill
ddr197903sauv	ddr19790300sauv
ddr197904pa	ddr19790500pa
ddr19790509cons	ddr19790509cons
ddr19790530vqh	ddr19790530vqh
ddr19790803ouf	ddr19790803ouf
ddr19790827ouf	ddr19790827ouf
ddr19791217cccem	ddr19791217cccem
ddr1980ind	ddr19800000ind
ddr1980lw	ddr19800000lw
ddr1980hei	ddr19800000hei
ddr1980const	ddr19800000const
ddr1980aes	ddr19800000aes
ddr1980theat	ddr19800000theat
ddr19800102ill	ddr19800102ill
ddr198004rspi	ddr19800600rspi
ddr19800501mlitt	ddr19800501mlitt
ddr1981hb	ddr19810000hb
ddr1981hri	ddr19810000hri
ddr1981hc	ddr19810000hc
ddr1981ra	ddr19810000ra
ddr1981gp	ddr19810000gp
ddr1981ricq	ddr19810000ricq
ddr19810304cons	ddr19810304cons
ddr198105cert	ddr19810500cert
ddr19810613vqh	ddr19810614vqh
ddr19810805trige	ddr19810805trige
ddr198110res	ddr19811000res
ddr19811292suis	ddr19811292suis
ddr198110diog	ddr19811200diog
ddr1982eud	ddr19820000eud
ddr19820325suis	ddr19820325suis
ddr1982coev	ddr19820900coev
ddr19820525suis	ddr19820525suis
ddr19820528hebd	ddr19820528hebd
ddr19820702lif	ddr19820702lif
ddr19820717obs	ddr19820717obs
ddr198207hum	ddr19820800hum
ddr19821024tlaus	ddr19821024tlaus
ddr1983scee	ddr19830000scee
ddr1983cs	ddr19830000cs
ddr1983laun	ddr19830000laun
ddr19830210hebd	ddr19830210hebd
ddr1984oui	ddr19840000oui
ddr1984aasm	ddr19840000aasm
ddr1984aars	ddr19840000aars
ddr1984aac	ddr19840000aac
ddr1984pe	ddr19840000pe
ddr1984is	ddr19840000is
ddr1984ei	ddr19840000ei
ddr1984brsa	ddr19840000brsa
ddr19840619evaud	ddr19840619evaud
ddr198412ago	ddr19850100ago
ddr1985staro	ddr19850000staro
ddr1985mouna	ddr19850000mouna
ddr1985mounb	ddr19850000mounb
ddr1985oa	ddr19850000oa
ddr198509passa	ddr19850900passa
ddr1986ent	ddr19860000ent
ddr1986cfc	ddr19860000cfc
ddr1994difa	ddr19940000difa
ddr1994difu	ddr19940000difu
ddr1996te	ddr19960000te
ddr19520522arts	ddr19520522arts
ddr19570410arts	ddr19570410arts
ddr19600921arts	ddr19600921arts
ddr19610201arts	ddr19610201arts
ddr19610509arts	ddr19610509arts
ddr19620117arts	ddr19620117arts
ddr19620606arts	ddr19620606arts
ddr19620613arts	ddr19620613arts
ddr19620620arts	ddr19620620arts
ddr19620627arts	ddr19620627arts
ddr19621003arts	ddr19621003arts
ddr19650505arts	ddr19650511arts
ddr195105bcec	ddr19510500bcec
ddr195203bcec	ddr19520300bcec
ddr195204bcec	ddr19520400bcec
ddr195206bcec	ddr19520700bcec
ddr195208bcec	ddr19520900bcec
ddr195210bcec	ddr19521000bcec
ddr195211bcec	ddr19521100bcec
ddr195212bcec_p3	ddr19530100bcec_p0003
ddr195212bcec_p8	ddr19530100bcec_p0008
ddr195304bcec_p1	ddr19530400bcec_p0001
ddr195304bcec_p23	ddr19530400bcec_p0023
ddr195305bcec	ddr19530600bcec
ddr195307bcec	ddr19530800bcec
ddr195310bcec	ddr19531000bcec
ddr195311bcec	ddr19531100bcec
ddr195405bcec	ddr19540500bcec
ddr195405bcec_p1	ddr19540500bcec_p0001
ddr195405bcec_p33	ddr19540500bcec_p0033
ddr195410bcec	ddr19541100bcec
ddr195412bcec_p1	ddr19550100bcec_p0001
ddr195412bcec_p9	ddr19550100bcec_p0009
ddr195508bcec	ddr19550900bcec
ddr195510bcec_p1	ddr19551000bcec_p0001
ddr195510bcec_p17	ddr19551000bcec_p0017
ddr195512bcec_p1	ddr19551200bcec_p0001
ddr195512bcec_p3	ddr19551200bcec_p0003
ddr195512bcec_p21	ddr19551200bcec_p0021
ddr195512bcec_p28	ddr19551200bcec_p0028
ddr195602bcec_p1	ddr19560200bcec_p0001
ddr195602bcec_p14	ddr19560200bcec_p0014
ddr195602bcec_p17	ddr19560200bcec_p0017
ddr195602bcec_p19	ddr19560200bcec_p0019
ddr195602bcec_p20	ddr19560200bcec_p0020
ddr195602bcec_p21	ddr19560200bcec_p0021
ddr195604bcec_p1	ddr19560500bcec_p0001
ddr195604bcec_p32	ddr19560500bcec_p0032
ddr195606bcec_p1	ddr19560700bcec_p0001
ddr195606bcec_p15	ddr19560700bcec_p0015
ddr195606bcec_p20	ddr19560700bcec_p0020
ddr195608bcec_p8	ddr19560900bcec_p0008
ddr195608bcec_p16	ddr19560900bcec_p0016
ddr195608bcec_p23	ddr19560900bcec_p0023
ddr195611bcec	ddr19561100bcec
ddr195702bcec	ddr19570200bcec
ddr195704bcec_p1	ddr19570400bcec_p0001
ddr195704bcec_p43	ddr19570400bcec_p0043
ddr195705bcec	ddr19570500bcec
ddr195712bcec	ddr19571200bcec
ddr195802bcec_p1	ddr19580200bcec_p0001
ddr195802bcec_p10	ddr19580200bcec_p0010
ddr195802bcec_p30	ddr19580200bcec_p0030
ddr195802bcec_p37	ddr19580200bcec_p0037
ddr195805bcec_p27	ddr19580500bcec_p0027
ddr195805bcec_p35	ddr19580500bcec_p0035
ddr195807bcec_p1	ddr19580700bcec_p0001
ddr195807bcec_p26	ddr19580700bcec_p0026
ddr195905bcec_p76	ddr19590500bcec_p0076
ddr195909bcec	ddr19590900bcec
ddr195909bcec_p24	ddr19590900bcec_p0024
ddr195909bcec_p26	ddr19590900bcec_p0026
ddr195909bcec_p27	ddr19590900bcec_p0027
ddr195909bcec_p31	ddr19590900bcec_p0031
ddr195912bcec_p1	ddr19591200bcec_p0001
ddr195912bcec_p115	ddr19591200bcec_p0115
ddr196006bcec	ddr19601000bcec
ddr196103bcec	ddr19610300bcec
ddr196104bcec	ddr19610400bcec
ddr196105bcec	ddr19610500bcec
ddr196204bcec_p1	ddr19620400bcec_p0001
ddr196204bcec_p5	ddr19620400bcec_p0005
ddr196204bcec_p20	ddr19620400bcec_p0020
ddr196204bcec_p22	ddr19630700bcec_p0022
ddr196302bcec	ddr19630200bcec
ddr196305bcec	ddr19630500bcec
ddr196307bcec	ddr19630700bcec
ddr196409bcec_p1	ddr19640900bcec_p0001
ddr196409bcec_p80	ddr19640900bcec_p0080
ddr196412bcec	ddr19641200bcec
ddr196502bcec	ddr19650200bcec
ddr196705bcec_p2	ddr19670500bcec_p0002
ddr196705bcec_p29	ddr19670500bcec_p0029
ddr196802bcec	ddr19680300bcec
ddr196906bcec	ddr19700300bcec
ddr197105bcec	ddr19710500bcec
ddr197206bcec_p1	ddr19720900bcec_p0001
ddr197206bcec_p66	ddr19720900bcec_p0066
ddr197206bcec_p85	ddr19720900bcec_p0085
ddr197401bcec_p1	ddr19740300bcec_p0001
ddr197401bcec_p3	ddr19740300bcec_p0003
ddr197401bcec_p60	ddr19740300bcec_p0060
ddr197401bcec_p81	ddr19740300bcec_p0081
ddr197502bcec	ddr19750900bcec
ddr197503bcec_p30	ddr19750900bcec_p0030
ddr197503bcec_p51	ddr19750300bcec_p0051
ddr197504bcec	ddr19760300bcec
ddr197703bcec	ddr19770100bcec
ddr193708bgl	ddr19370800bgl
ddr193710bgl	ddr19371000bgl
ddr193808bgl	ddr19380800bgl
ddr193909bgl	ddr19390900bgl
ddr193912bgl	ddr19391200bgl
ddr194610bgl	ddr19461000bgl
ddr194611bgl	ddr19461100bgl
ddr194612bgl	ddr19461200bgl
ddr194701bgl	ddr19470100bgl
ddr194712bgl	ddr19471200bgl
ddr194808bgl	ddr19480800bgl
ddr192503burg	ddr19250300burg
ddr192506burg	ddr19250600burg
ddr192508burg	ddr19250800burg
ddr192509burg_p1151	ddr19250900burg_p1151
ddr192509burg_p1152	ddr19250900burg_p1152
ddr192509burg_p1156	ddr19250900burg_p1156
ddr192509burg_p1162	ddr19250900burg_p1162
ddr192509burg_p1163	ddr19250900burg_p1163
ddr192509burg_p1164	ddr19250900burg_p1164
ddr192510burg	ddr19251000burg
ddr192512burg_p1560	ddr19251200burg_p1560
ddr192512burg_p1567a	ddr19251200burg_p1567a
ddr192512burg_p1567b	ddr19251200burg_p1567b
ddr192603burg	ddr19260300burg
ddr192604burg_p530	ddr19260400burg_p0530
ddr192604burg_p531	ddr19260400burg_p0531
ddr192605burg_p661a	ddr19260500burg_p0661a
ddr192605burg_p661b	ddr19260500burg_p0661b
ddr192605burg_p661c	ddr19260500burg_p0661c
ddr192605burg_p662	ddr19260500burg_p0662
ddr192606burg	ddr19260600burg
ddr192607burg	ddr19260700burg
ddr192609burg	ddr19260900burg
ddr192612burg_p810a	ddr19261200burg_p0810a
ddr192612burg_p810b	ddr19261200burg_p0810b
ddr192612burg_p811	ddr19261200burg_p0811
ddr192701burg	ddr19270100burg
ddr192702burg_p256	ddr19270200burg_p0256
ddr192702burg_p257	ddr19270200burg_p0257
ddr192703burg	ddr19270300burg
ddr192704burg	ddr19270400burg
ddr192705burg_p689	ddr19270500burg_p0689
ddr192705burg_p690	ddr19270500burg_p0690
ddr192705burg_p693	ddr19270500burg_p0693
ddr192705burg_p694	ddr19270500burg_p0694
ddr192707burg	ddr19270700burg
ddr192708burg	ddr19270800burg
ddr192712burg_p787	ddr19271200burg_p0787
ddr192712burg_p791	ddr19271200burg_p0791
ddr192801burg	ddr19280100burg
ddr192806burg	ddr19280600burg
ddr192808burg	ddr19280800burg
ddr192811burg	ddr19281100burg
ddr192812burg_p1547	ddr19281200burg_p1547
ddr192812burg_p1549	ddr19281200burg_p1549
ddr192812burg_p1553	ddr19281200burg_p1553
ddr192901burg	ddr19290100burg
ddr192906burg	ddr19290600burg
ddr192908burg_p248	ddr19290800burg_p0248
ddr192908burg_p250	ddr19290800burg_p0250
ddr192911burg	ddr19291100burg
ddr193003burg_p384	ddr19300300burg_p0384
ddr193003burg_p385	ddr19300300burg_p0385
ddr193004burg	ddr19300400burg
ddr193009burg	ddr19300900burg
ddr193010burg_p405	ddr19301000burg_p0405
ddr193010burg_p532	ddr19301000burg_p0532
ddr193011burg_p577	ddr19301100burg_p0577
ddr193011burg_p656	ddr19301100burg_p0656
ddr1978cadm_n1	ddr19780600cadm
ddr1978cadm_n2	ddr19780900cadm
ddr1978cadm_n3	ddr19781200cadm
ddr1978cadm_n4	ddr19790300cadm
ddr1979cadm_n5p5	ddr19790600cadm_p0005
ddr1979cadm_n5	ddr19790600cadm_p0099
ddr1979cadm_n7	ddr19791200cadm
ddr1979cadm_n8	ddr19800300cadm
ddr1980cadm_n9	ddr19800600cadm
ddr1980cadm_n10	ddr19800900cadm
ddr1981cadm_n13	ddr19810600cadm
ddr1981cadm_n14	ddr19810900cadm
ddr1984cadm_n25p88	ddr19840600cadm_p0088
ddr1984cadm_n25p113	ddr19840600cadm_p0113
ddr1984cadm_n26	ddr19841200cadm
ddr1985cadm_n30	ddr19850900cadm
ddr1986cadm_n33	ddr19860600cadm
ddr19451019carf	ddr19451019carf
ddr19451109carf	ddr19451109carf
ddr19451213carf	ddr19451213carf
ddr19451220carf	ddr19451220carf
ddr19460404carf	ddr19460404carf
ddr19460523carf	ddr19460523carf
ddr19460826carf	ddr19460826carf
ddr19470123carf	ddr19470123carf
ddr19470409carf	ddr19470409carf
ddr19471029carf	ddr19471029carf
ddr19471126carf	ddr19471126carf
ddr19460519combat	ddr19460520combat
ddr19460521combat	ddr19460521combat
ddr19460522combat	ddr19460522combat
ddr19460523combat	ddr19460523combat
ddr19460524combat	ddr19460524combat
ddr19460702combat	ddr19460702combat
ddr19460705combat	ddr19460705combat
ddr19471226combat	ddr19471226combat
ddr19480514combat	ddr19480514combat
ddr19501003combat	ddr19501003combat
ddr19501004combat	ddr19501004combat
ddr193807cp	ddr19380700cp
ddr1939cp	ddr19390000cp
ddr194001cp	ddr19400200cp
ddr194006cp	ddr19400600cp
ddr194008cp	ddr19400800cp
ddr194102cp	ddr19410200cp
ddr195011cp	ddr19501200cp
ddr195103cp	ddr19510400cp
ddr1968cp	ddr19680000cp
ddr193210espr	ddr19321000espr
ddr193211espr	ddr19321100espr
ddr193303espr_p909	ddr19330300espr_p0909
ddr193303espr_p1034	ddr19330300espr_p1034
ddr193307espr	ddr19330700espr
ddr193410espr	ddr19341000espr
ddr193411espr	ddr19341100espr
ddr193412espr_p368	ddr19341200espr_p0368
ddr193412espr_p474	ddr19341200espr_p0474
ddr193501espr	ddr19350100espr
ddr193502espr_p846a	ddr19350200espr_p0846a
ddr193502espr_p846b	ddr19350200espr_p0846b
ddr193504espr	ddr19350400espr
ddr193505espr	ddr19350500espr
ddr193506espr	ddr19350600espr
ddr193510espr	ddr19351000espr
ddr193604espr	ddr19360400espr
ddr193605espr	ddr19360500espr
ddr193611espr_p251	ddr19361100espr_p0251
ddr193611espr_p331	ddr19361100espr_p0331
ddr193611espr_p346	ddr19361100espr_p0346
ddr193611espr_p355	ddr19361100espr_p0355
ddr193612espr	ddr19361200espr
ddr193701espr_p642	ddr19370100espr_p0642
ddr193701espr_p656	ddr19370100espr_p0656
ddr193701espr_p664	ddr19370100espr_p0664
ddr193701espr_p665	ddr19370100espr_p0665
ddr193702espr_p812	ddr19370200espr_p0812
ddr193702espr_p824	ddr19370200espr_p0824
ddr193703espr_p970	ddr19370300espr_p0970
ddr193703espr_p994	ddr19370300espr_p0994
ddr193705espr	ddr19370500espr
ddr193706espr_p368	ddr19370600espr_p0368
ddr193706espr_p479	ddr19370600espr_p0479
ddr193706espr_p480	ddr19370600espr_p0480
ddr193707espr	ddr19370700espr
ddr193709espr_p697	ddr19370900espr_p0697
ddr193709espr_p784	ddr19370900espr_p0784
ddr193710espr	ddr19371000espr
ddr193809espr_p652	ddr19380900espr_p0652
ddr193809espr_p746	ddr19380900espr_p0746
ddr193811espr	ddr19381100espr
ddr193812espr	ddr19381200espr
ddr193905espr	ddr19390500espr
ddr193909espr	ddr19390900espr
ddr194608espr	ddr19460900espr
ddr194611espr	ddr19461100espr
ddr194811espr	ddr19481100espr
ddr196205espr	ddr19620500espr
ddr19390222fig	ddr19390222fig
ddr19390320fig	ddr19390320fig
ddr19390411fig	ddr19390411fig
ddr19390424fig	ddr19390424fig
ddr19390607fig	ddr19390607fig
ddr19450816fig	ddr19450816fig
ddr19450822fig	ddr19450822fig
ddr19450905fig	ddr19450905fig
ddr19451011fig	ddr19451011fig
ddr19451108fig	ddr19451108fig
ddr19451221fig	ddr19451221fig
ddr19451226fig	ddr19451226fig
ddr19460423fig	ddr19460423fig
ddr19460530fig	ddr19460530fig
ddr19460630fig	ddr19460701fig
ddr19470403fig	ddr19470403fig
ddr19481013fig	ddr19481013fig
ddr19530625fig	ddr19530625fig
ddr192802fv	ddr19280200fv
ddr1930fv	ddr19300000fv
ddr193102fv	ddr19310200fv
ddr193103fv	ddr19310300fv
ddr193104fv_p274	ddr19310400fv_p0274
ddr193104fv_p287	ddr19310400fv_p0287
ddr193105fv_p344	ddr19310500fv_p0344
ddr193105fv_p351	ddr19310500fv_p0351
ddr193107fv	ddr19310700fv
ddr193109fv	ddr19310900fv
ddr193110fv_p725	ddr19311000fv_p0725
ddr193110fv_p751	ddr19311000fv_p0751
ddr193201fv	ddr19320100fv
ddr193204fv	ddr19320500fv
ddr193206fv	ddr19320600fv
ddr193301fv	ddr19330200fv
ddr193402fv	ddr19340300fv
ddr193405fv	ddr19340500fv
ddr193408fv_p602	ddr19340900fv_p0602
ddr193408fv_p605	ddr19340900fv_p0605
ddr193410fv	ddr19341100fv
ddr193503fv	ddr19350300fv
ddr193704fv	ddr19370400fv
ddr194610fv	ddr19461000fv
ddr197704fv	ddr19770400fv
ddr19400501glaus	ddr19400501glaus
ddr19400617glaus	ddr19400617glaus
ddr19410214glaus	ddr19410214glaus
ddr19410218glaus	ddr19410218glaus
ddr19410315glaus	ddr19410315glaus
ddr19460504glaus	ddr19460504glaus
ddr19471205glaus	ddr19471205glaus
ddr19490910glaus	ddr19490910glaus
ddr19491208glaus	ddr19491208glaus
ddr19531224glaus	ddr19531224glaus
ddr19540920glaus	ddr19540920glaus
ddr19570217glaus	ddr19570217glaus
ddr19620303glaus	ddr19620304glaus
ddr19620309glaus	ddr19620309glaus
ddr19620630glaus	ddr19620630glaus
ddr19630112glaus	ddr19630113glaus
ddr19630202glaus	ddr19630203glaus
ddr19630210glaus	ddr19630210glaus
ddr19640920glaus	ddr19640920glaus
ddr19650320glaus	ddr19650321glaus
ddr19660115glaus	ddr19660116glaus
ddr19661009glaus	ddr19661009glaus
ddr19661022glaus	ddr19661023glaus
ddr19670225glaus	ddr19670225glaus
ddr19680406glaus	ddr19680407glaus
ddr19680629glaus	ddr19680629glaus
ddr19680907glaus	ddr19680908glaus
ddr19681005glaus	ddr19681006glaus
ddr19681019glaus	ddr19681020glaus
ddr19700207glaus	ddr19700208glaus
ddr19700418glaus	ddr19700419glaus
ddr19700425glaus	ddr19700426glaus
ddr19700602glaus	ddr19700602glaus
ddr19701114glaus	ddr19701115glaus
ddr19710130glaus	ddr19710131glaus
ddr19710731glaus	ddr19710801glaus
ddr19710911glaus	ddr19710912glaus
ddr19721208glaus	ddr19721208glaus
ddr19721223glaus	ddr19721225glaus
ddr19840628glaus	ddr19840628glaus
ddr193211hn_p1	ddr19321100hn_p0001
ddr193211hn_p23	ddr19321100hn_p0023
ddr193303hn	ddr19330300hn
ddr193307hn_p95	ddr19330700hn_p0095
ddr193307hn_p116	ddr19330700hn_p0116
ddr193401hn	ddr19340100hn
ddr193404hn	ddr19340400hn
ddr193407hn	ddr19340700hn
ddr193505hn_p152	ddr19350500hn_p0152
ddr193505hn_p159	ddr19350500hn_p0159
ddr193601hn	ddr19360100hn
ddr19260716jg	ddr19260716jg
ddr19290523jg	ddr19290523jg
ddr19340525jg	ddr19340525jg
ddr19370215jg	ddr19370215jg
ddr19370222jg	ddr19370222jg
ddr19370301jg	ddr19370301jg
ddr19370323jg	ddr19370323jg
ddr19410114jg	ddr19410114jg
ddr19410117jg	ddr19410117jg
ddr19410218jg	ddr19410218jg
ddr19460511jg	ddr19460512jg
ddr19460518jg	ddr19460519jg
ddr19500815jg	ddr19500815jg
ddr19500816jg	ddr19500816jg
ddr19500817jg	ddr19500817jg
ddr19500818jg	ddr19500818jg
ddr19500819jg	ddr19500820jg
ddr19521129jg	ddr19521130jg
ddr19530521jg	ddr19530521jg
ddr19550719jg	ddr19550719jg
ddr19561106jg	ddr19561106jg
ddr19581031jg	ddr19581031jg
ddr19631109jg	ddr19631110jg
ddr19680706jg	ddr19680707jg
ddr19690630jg	ddr19690630jg
ddr19690704jg	ddr19690704jg
ddr19690830jg	ddr19690831jg
ddr19730303jg	ddr19730304jg
ddr19731110jg	ddr19731111jg
ddr19800531jg	ddr19800601jg
ddr19821009jg	ddr19821009jg
ddr19501118mond	ddr19501118mond
ddr195409diplo	ddr19540900diplo
ddr19690607mond	ddr19690607mond
ddr197104diplo	ddr19710400diplo
ddr19710927mond	ddr19710927mond
ddr19711029mond	ddr19711029mond
ddr19721214mond_p20	ddr19721214mond_p0020
ddr19721214mond_p21	ddr19721214mond_p0021
ddr19740309mond	ddr19740309mond
ddr197403diplo	ddr19740300diplo
ddr19790316mond	ddr19790316mond
ddr19790625mond	ddr19790625mond
ddr19820820mond	ddr19820820mond
ddr19370601nc	ddr19370601nc
ddr19371101nc	ddr19371101nc
ddr19371215nc	ddr19371215nc
ddr19380415nc	ddr19380415nc
ddr19380601nc	ddr19380601nc
ddr19390101nc	ddr19390101nc
ddr19331230nlit	ddr19331230nlit
ddr19340224nlit	ddr19340224nlit
ddr19340324nlit	ddr19340324nlit
ddr19340526nlit	ddr19340526nlit
ddr19340804nlit	ddr19340804nlit
ddr19341103nlit	ddr19341103nlit
ddr19341215nlit	ddr19341215nlit
ddr19350223nlit	ddr19350223nlit
ddr19350720nlit	ddr19350720nlit
ddr19351102nlit	ddr19351102nlit
ddr19360912nlit	ddr19360912nlit
ddr19370619nlit	ddr19370619nlit
ddr19370703nlit	ddr19370703nlit
ddr19390212nlit	ddr19390212nlit
ddr19631107nlit	ddr19631107nlit
ddr19700924nlit	ddr19700924nlit
ddr19701224nlit	ddr19701224nlit
ddr19720417nlit	ddr19720423nlit
ddr193110nrf	ddr19311000nrf
ddr193111nrf	ddr19311100nrf
ddr193201nrf	ddr19320100nrf
ddr193203nrf	ddr19320300nrf
ddr193205nrf	ddr19320500nrf
ddr193207nrf	ddr19320700nrf
ddr193209nrf	ddr19320900nrf_p0442
ddr193209NRF2	ddr19320900nrf_p0477
ddr193212nrf	ddr19321200nrf_p0801
ddr193212NRF2	ddr19321200nrf_p0838
ddr193304nrf	ddr19330400nrf
ddr193306nrf	ddr19330600nrf
ddr193310nrf	ddr19331000nrf
ddr193312nrf	ddr19331200nrf
ddr193404nrf	ddr19340400nrf
ddr193405nrf	ddr19340500nrf
ddr193508nrf	ddr19350800nrf
ddr193509nrf	ddr19350900nrf_p0445
ddr193509NRF2	ddr19350900nrf_p0460
ddr193510NRF2	ddr19351000nrf_p0596
ddr193510nrf	ddr19351000nrf_p0599
ddr193510nrf_p633	ddr19351000nrf_p0633
ddr193602nrf	ddr19360200nrf
ddr193603nrf	ddr19360300nrf
ddr193606nrf	ddr19360600nrf
ddr193612nrf	ddr19361200nrf
ddr193701nrf	ddr19370100nrf
ddr193702nrf	ddr19370200nrf
ddr19370701nrf	ddr19370700nrf
ddr19371101nrf	ddr19371100nrf_p0857
ddr19371101NRF2	ddr19371100nrf_p0873
ddr19380101nrf	ddr19380100nrf
ddr19380201nrf	ddr19380200nrf
ddr19380701nrf	ddr19380700nrf
ddr19380801nrf	ddr19380800nrf
ddr19381101nrf	ddr19381100nrf
ddr19390401nrf	ddr19390400nrf
ddr19390701nrf	ddr19390700nrf
ddr19390901nrf	ddr19390900nrf
ddr19400101nrf	ddr19400100nrf
ddr19400501nrf	ddr19400500nrf
ddr19511101nrf	ddr19511100nrf
ddr19570301nrf	ddr19570300nrf
ddr19610401nrf	ddr19610400nrf
ddr193305on	ddr19330500on
ddr193306on	ddr19330600on
ddr193307on_p5	ddr19330700on_p0005
ddr193307on_p13	ddr19330700on_p0013
ddr193310on	ddr19331000on
ddr193312on	ddr19331200on
ddr193402on	ddr19340200on
ddr193405on	ddr19340500on
ddr193410on	ddr19341000on
ddr193501on	ddr19350100on
ddr193502on	ddr19350200on
ddr193504on	ddr19350400on
ddr193508on	ddr19350800on
ddr193510on	ddr19351000on
ddr193512on	ddr19351200on
ddr193601on	ddr19360100on
ddr193603on	ddr19360300on
ddr193604on	ddr19360400on
ddr193605on	ddr19360500on
ddr193606on	ddr19360600on
ddr193607on	ddr19360700on
ddr193610on	ddr19361000on
ddr193611on	ddr19361100on
ddr193612on	ddr19361200on
ddr193701on	ddr19370100on
ddr193703on	ddr19370300on
ddr193704on	ddr19370400on
ddr193705on	ddr19370500on
ddr193806on	ddr19380600on
ddr193201pres	ddr19320100pres
ddr193204pres	ddr19320600pres
ddr193300pres	ddr19330000pres
ddr193403pres	ddr19340000pres
ddr193504pres	ddr19350500pres
ddr193511pres	ddr19351100pres
ddr194604pres	ddr19460400pres
ddr195104preuv	ddr19510400preuv
ddr195105preuv	ddr19510500preuv
ddr195111preuv	ddr19511100preuv
ddr195205preuv	ddr19520500preuv
ddr195206preuv	ddr19520600preuv
ddr195209preuv	ddr19520900preuv
ddr195302preuv	ddr19530200preuv
ddr195303preuv	ddr19530300preuv
ddr195307preuv	ddr19530700preuv
ddr195309preuv	ddr19530900preuv
ddr195401preuv	ddr19540100preuv
ddr195406preuv	ddr19540600preuv
ddr195407preuv	ddr19540700preuv
ddr195410preuv	ddr19541000preuv
ddr195411preuv	ddr19541100preuv
ddr195503preuv	ddr19550300preuv
ddr195505preuv	ddr19550500preuv
ddr195508preuv	ddr19550800preuv
ddr195510preuv	ddr19551000preuv
ddr195608preuv	ddr19560800preuv
ddr195610preuv	ddr19561000preuv
ddr195611preuv	ddr19561100preuv
ddr195612preuv	ddr19561200preuv
ddr195701preuv	ddr19570100preuv
ddr195702preuv	ddr19570200preuv
ddr195703preuv	ddr19570300preuv
ddr195704preuv	ddr19570400preuv
ddr195705preuv	ddr19570500preuv
ddr195706preuv	ddr19570600preuv
ddr195707preuv	ddr19570700preuv
ddr195710preuv_p2	ddr19571000preuv_p0002
ddr195710preuv_p54	ddr19571000preuv_p0054
ddr195710preuv_p63	ddr19571000preuv_p0063
ddr195710preuv_p72	ddr19571000preuv_p0072
ddr195711preuv	ddr19571100preuv
ddr195712preuv	ddr19571200preuv
ddr195802preuv	ddr19580200preuv
ddr195803preuv	ddr19580300preuv
ddr195804preuv	ddr19580400preuv
ddr195805preuv	ddr19580500preuv
ddr195808preuv	ddr19580800preuv
ddr195809preuv	ddr19580900preuv
ddr195811preuv	ddr19581100preuv
ddr195902preuv	ddr19590200preuv
ddr195903preuv	ddr19590300preuv
ddr195906preuv	ddr19590600preuv
ddr195911preuv	ddr19591100preuv
ddr196003preuv	ddr19600300preuv
ddr196008preuv	ddr19600800preuv
ddr196104preuv	ddr19610400preuv
ddr196105preuv	ddr19610500preuv
ddr196109preuv	ddr19610900preuv
ddr196302preuv	ddr19630200preuv
ddr196303preuv	ddr19630300preuv
ddr196408preuv	ddr19640800preuv
ddr196611preuv	ddr19661100preuv
ddr196802preuv	ddr19680200preuv
ddr196810preuv	ddr19681000preuv
ddr197004preuv	ddr19701000preuv
ddr192612rbl_p3	ddr19261200rbl_p0003
ddr192612rbl_p13	ddr19261200rbl_p0013
ddr192701rbl_p40	ddr19270100rbl_p0040
ddr192701rbl_p54	ddr19270100rbl_p0054
ddr192701rbl_p61	ddr19270100rbl_p0061
ddr192702rbl_p67	ddr19270200rbl_p0067
ddr192702rbl_p85	ddr19270200rbl_p0085
ddr192702rbl_p94	ddr19270200rbl_p0094
ddr192703rbl	ddr19270300rbl
ddr192704rbl_p131	ddr19270400rbl_p0131
ddr192704rbl_p151	ddr19270400rbl_p0151
ddr192705rbl_p180	ddr19270500rbl_p0180
ddr192705rbl_p186	ddr19270500rbl_p0186
ddr192707rbl_p231	ddr19270700rbl_p0231
ddr192707rbl_p249	ddr19270700rbl_p0249
ddr192707rbl_p256	ddr19270700rbl_p0256
ddr192901rbl	ddr19290100rbl
ddr192903rbl	ddr19290300rbl
ddr192904rbl	ddr19290400rbl
ddr192911rbl	ddr19291100rbl
ddr193005rbl	ddr19300500rbl
ddr1932rbl	ddr19320000rbl
ddr1933rbl	ddr19330000rbl
ddr1935rbl	ddr19350000rbl
ddr193811rbl	ddr19381100rbl
ddr1968rbl	ddr19680000rbl
ddr19460601ref	ddr19460601ref
ddr19460629ref	ddr19460629ref
ddr19461012ref	ddr19461012ref
ddr19461019ref	ddr19461019ref
ddr19480313ref	ddr19480313ref
ddr194805ref	ddr19480501ref
ddr19490129ref	ddr19490129ref
ddr19520614ref	ddr19520614ref
ddr19530411ref	ddr19530411ref
ddr19681130ref	ddr19681130ref
ddr19760221ref	ddr19760221ref
ddr19790519ref	ddr19790519ref
ddr19801213ref	ddr19801213ref
ddr193706rpar	ddr19370600rpar
ddr193908rpar	ddr19390800rpar
ddr194612rpar	ddr19461200rpar
ddr194904rpar	ddr19490400rpar
ddr194910rpar	ddr19491000rpar
ddr195011rpar	ddr19501100rpar
ddr195112rpar	ddr19511200rpar
ddr196505rpar	ddr19650500rpar
ddr196909rpar	ddr19690900rpar
ddr193303sem	ddr19330300sem
ddr193411sem	ddr19341100sem
ddr193505sem	ddr19350500sem
ddr193601sem	ddr19360100sem
ddr194503sem	ddr19450300sem
ddr194606sem	ddr19460700sem
ddr194902sem	ddr19490300sem
ddr19381125vp	ddr19381125vp
ddr193901vp	ddr19390901vp
ddr19400315vp	ddr19400315vp
ddr19400426vp	ddr19400426vp
ddr19400503vp	ddr19400503vp
ddr19420102vp	ddr19420102vp
ddr19431015vp	ddr19431015vp
ddr19431022vp	ddr19431022vp
ddr19431029vp	ddr19431029vp
ddr19431105vp	ddr19431105vp
ddr19431112vp	ddr19431112vp
ddr19431119vp	ddr19431119vp
ddr19431126vp	ddr19431126vp
ddr19431203vp	ddr19431203vp
ddr19431210vp	ddr19431210vp
ddr19431217vp	ddr19431217vp
ddr19431224vp	ddr19431224vp
ddr19490429vp	ddr19490429vp
ddr19651029vp	ddr19651029vp
ddr19611229vp	ddr19611229vp
ddr19690801vp	ddr19690801vp
ddr19781201vp	ddr19781201vp
ddr1938ja	ddr19381012ja
ddr1929mip	ddr19290300mip
ddr1932paysan	ddr19320900paysan
ddr1934polpers	ddr19341025polpers
ddr1936pm	ddr19361100pm
ddr1937jic	ddr19370600jic
ddr1939ao	ddr19390600ao
ddr1939nf	ddr19390815nf
ddr1977hec_p238	ddr19770000hec_p0238
ddr1956ao	ddr19560200ao
ddr1972ao	ddr19721100ao
ddr1940lg	ddr19400800lg
ddr1972mip	ddr19721000mip
ddr1941he	ddr19411000he
ddr1942partdia	ddr19421200partdia
ddr1944partdia	ddr19441100partdia
ddr1982partdia	ddr19820500partdia
ddr1944persdram	ddr19441210persdram
ddr1946lba1	ddr19460615lba1
ddr1946lba2	ddr19460701lba2
ddr1947va	ddr19470307va
ddr1947df	ddr19470703df
ddr1948sn	ddr19480401sn
ddr1948ej	ddr19480630ej
ddr1946jdm	ddr19461206jdm
ddr1950lde	ddr19500813lde
ddr1951lpp	ddr19510300lpp
ddr1953ch	ddr19531215ch
ddr1946polpers	ddr19460900polpers
ddr1957aoh	ddr19570200aoh
ddr1961ctm	ddr19610400ctm
ddr1961vhse	ddr19611200vhse
ddr1958dver	ddr19581200dver
ddr1959oe	ddr19590300oe
ddr1962ce	ddr19620830ce
ddr1963cofr	ddr19630100cofr
ddr1965shph	ddr19650600shph
ddr1965shph	ddr19650100shph
ddr1965fc	ddr19651030fc
ddr1972pm	ddr19720600pm
ddr1968jde	ddr19680314jde
ddr1970cde	ddr19701000cde
ddr1970udce	ddr19701005udce
ddr1970loe	ddr19700900loe
ddr1972dfso	ddr19720400dfso
ddr1973resea	ddr19730100resea
ddr1988in	ddr19880300in
ddr1979rpe	ddr19790423rpe
ddr1977aena	ddr19770721aena
ddr1975cernfec	ddr19750200cernfec
ddr1974jdef	ddr19740600jdef
ddr1982paysan	ddr19820900paysan
ddr1940lg	ddr19400430mds
???	ddr19800628arcadie
???	ddr19791200qcja
???	ddr19580800ll
???	ddr19821000acr
???	ddr19651200revoy
???	ddr19530306essor
???	ddr19560000saison
???	ddr19400722tlaus
???	ddr19710517elle
ddr192402sl	ddr19240209sl
ddr192410fan	ddr19241030fan
ddr192602slb	ddr19260202slb
ddr192604slb	ddr19260407slb
ddr192607sl	ddr19260710sl
ddr192611sl 	ddr19261113sl
ddr192702fan	ddr19270216fan
ddr192803nsal	ddr19280324nsal
ddr192907qal	ddr19290715qal
ddr19400722tlaus	ddr19400722tlaus
ddr19470607figlitt	ddr19470607figlitt
ddr19480214figlitt	ddr19480214figlitt
ddr19530306essor	ddr19530306essor
ddr19560000saison	ddr19560000saison
ddr19651200revoy	ddr19651200revoy
dd19720315spec	ddr19720315spec
ddr19710517elle	ddr19710517elle
ddr19791200qcja	ddr19791200qcja
ddr19800628arcadie	ddr19800628arcadie
ddr19821000acr	ddr19821000acr
ddr19791200qcja	ddr19791200qcja
ddr19800628arcadie	ddr19800628arcadie
ddr19821000acr	ddr19821000acr
ddr195807bcec	ddr19580700bcec
ddr195704bcec	ddr19570400bcec
ddr195602bcec	ddr19560200bcec
ddr195512bcec	ddr19551200bcec
ddr195909bcec_p9	ddr19590900bcec
ddr195905bcec	ddr19590500bcec
ddr192510burg_p1197	ddr19251000burg
ddr192512burg_p1567	ddr19251200burg
ddr192605burg_p661	ddr19260500burg
ddr192612burg_p810	ddr19261200burg
ddr192612burg_p812	ddr19261200burg
ddr193702espr_p798	ddr19370200espr
ddr193710espr_p22	ddr19371000espr
ddr19401114jg	ddr19401114jg
ddr19821030jg	ddr19821030jg
ddr193209nrf_p442	ddr19320900nrf
ddr193209nrf_p477	ddr19320900nrf
ddr193212nrf_p801	ddr19321200nrf
ddr193212nrf_p838	ddr19321200nrf
ddr193509nrf_p445	ddr19350900nrf
ddr193509nrf_p460	ddr19350900nrf
ddr193510nrf_p596	ddr19351000nrf
ddr193510nrf_p599	ddr19351000nrf
ddr193707nrf	ddr19370700nrf
ddr193711nrf_p857	ddr19371100nrf
ddr193711nrf_p873	ddr19371100nrf
ddr193801nrf	ddr19380100nrf
ddr193802nrf	ddr19380200nrf
ddr193807nrf	ddr19380700nrf
ddr193808nrf	ddr19380800nrf
ddr193811nrf	ddr19381100nrf
ddr193904nrf	ddr19390400nrf
ddr193907nrf	ddr19390700nrf
ddr193909nrf	ddr19390900nrf
ddr194001nrf	ddr19400100nrf
ddr194005nrf	ddr19400500nrf
ddr195111nrf	ddr19511100nrf
ddr195703nrf	ddr19570300nrf
ddr196104nrf	ddr19610400nrf
ddr193503on	ddr19350400on
ddr195903oe	ddr19590300oe
ddr19390901vp	ddr19390901vp
ddr195903oe	ddr19590300oe
ddr19691004jg	ddr19691004jg
ddr19780200jg	ddr19780200jg
ddr195709preuv_p54	ddr19570900preuv_p0054
ddr195709preuv_p72	ddr19570900preuv_p0072
ddr195710preuv_p2	ddr19571000preuv_p0002
ddr192704rbl_p154	ddr19270400rbl
ddr19630000co	ddr19630000co
ddr19300600rbl	ddr19300600rbl
ddr19480501ref	ddr19480501ref
ddr1961pr	ddr19600600pr
ddr1961ggde	ddr19610900ggde
